Position,Wild type,NEW,Stability,RI,pH,Temperature
329,C,Y,Decrease,3,7,25
329,C,W,Decrease,4,7,25
329,C,V,Decrease,6,7,25
329,C,T,Decrease,4,7,25
329,C,S,Decrease,7,7,25
329,C,R,Decrease,4,7,25
329,C,Q,Decrease,7,7,25
329,C,P,Decrease,2,7,25
329,C,N,Decrease,5,7,25
329,C,M,Decrease,5,7,25
329,C,L,Decrease,2,7,25
329,C,K,Decrease,7,7,25
329,C,I,Decrease,5,7,25
329,C,H,Decrease,7,7,25
329,C,G,Decrease,7,7,25
329,C,F,Decrease,4,7,25
329,C,E,Decrease,2,7,25
329,C,D,Decrease,5,7,25
329,C,A,Decrease,7,7,25
